{
  "dataset": "appliances_energy",
  "feature_names": [
    "lights",
    "T1",
    "RH_1",
    "T2",
    "RH_2",
    "T3",
    "RH_3",
    "T4",
    "RH_4",
    "T5",
    "RH_5",
    "T6",
    "RH_6",
    "T7",
    "RH_7",
    "T8",
    "RH_8",
    "T9",
    "RH_9",
    "T_out",
    "Press_mm_hg",
    "RH_out",
    "Windspeed",
    "Visibility",
    "Tdewpoint",
    "rv1",
    "rv2"
  ],
  "agop_diagonals_per_leaf": [
    [
      0.23640049993991852,
      0.17594340443611145,
      0.7441331148147583,
      0.16370554268360138,
      0.23900997638702393,
      0.4204903244972229,
      0.2770702540874481,
      0.41633251309394836,
      0.17211134731769562,
      0.1678726077079773,
      0.19465655088424683,
      1.0,
      0.40742024779319763,
      0.08576129376888275,
      0.1523771733045578,
      0.2640511989593506,
      0.38097333908081055,
      0.14942167699337006,
      0.20981526374816895,
      0.09858045727014542,
      0.09461593627929688,
      0.22633692622184753,
      0.3311641812324524,
      0.33022183179855347,
      0.2566186189651489,
      0.28819310665130615,
      0.28819310665130615
    ],
    [
      0.13684460520744324,
      0.15393014252185822,
      0.7979944348335266,
      0.1974479854106903,
      1.0,
      0.2171175479888916,
      0.25262629985809326,
      0.11373264342546463,
      0.14931748807430267,
      0.08130963146686554,
      0.10222022235393524,
      0.08814964443445206,
      0.06101370230317116,
      0.07211770862340927,
      0.07900630682706833,
      0.18022876977920532,
      0.24043604731559753,
      0.060234591364860535,
      0.17153611779212952,
      0.04475115239620209,
      0.06494679301977158,
      0.13536366820335388,
      0.1418374925851822,
      0.13328351080417633,
      0.08208473771810532,
      0.12545055150985718,
      0.12545055150985718
    ]
  ],
  "agop_top_eigvec_per_leaf": [
    [
      0.18360550701618195,
      -0.12828195095062256,
      0.4696752429008484,
      0.1538873165845871,
      -0.04513237252831459,
      0.1606990545988083,
      0.06491268426179886,
      -0.2812466025352478,
      -0.04620985686779022,
      -0.1515953689813614,
      -0.025194119662046432,
      0.5824307203292847,
      0.23094193637371063,
      -0.07869251072406769,
      -0.08717791736125946,
      -0.009397648274898529,
      -0.2601248025894165,
      0.10336759686470032,
      -0.08147187530994415,
      -0.07852625101804733,
      0.0737152099609375,
      0.060838405042886734,
      0.044491641223430634,
      -0.023832757025957108,
      -0.24339672923088074,
      -0.007480508182197809,
      -0.007480508182197809
    ],
    [
      -0.10266049951314926,
      0.19566017389297485,
      -0.5735808610916138,
      0.12777425348758698,
      0.6667847037315369,
      -0.00480002723634243,
      -0.12040984630584717,
      0.12053164094686508,
      -0.12521326541900635,
      -0.09707513451576233,
      0.11096252501010895,
      -0.058710694313049316,
      -0.031169947236776352,
      0.05034216120839119,
      0.09789924323558807,
      -0.2190726399421692,
      -0.03731280192732811,
      0.010577852837741375,
      0.1615608036518097,
      -0.012576190754771233,
      0.02490328438580036,
      -0.020522335544228554,
      -0.03769853711128235,
      -0.0006642108201049268,
      -0.0030352985486388206,
      0.003494510194286704,
      0.003494510194286704
    ]
  ],
  "agop_diagonal_agg": [
    0.18662256002426147,
    0.16493678092956543,
    0.7710638046264648,
    0.18057677149772644,
    0.619504988193512,
    0.31880393624305725,
    0.2648482918739319,
    0.2650325894355774,
    0.16071441769599915,
    0.12459111958742142,
    0.14843839406967163,
    0.5440748333930969,
    0.23421697318553925,
    0.07893949747085571,
    0.11569173634052277,
    0.22213998436927795,
    0.31070470809936523,
    0.1048281341791153,
    0.19067569077014923,
    0.07166580855846405,
    0.07978136837482452,
    0.1808502972126007,
    0.2365008294582367,
    0.2317526638507843,
    0.16935168206691742,
    0.20682182908058167,
    0.20682182908058167
  ],
  "pca_loadings_abs_agg": [
    0.03659224510192871,
    0.03460206836462021,
    0.032116375863552094,
    0.03520062193274498,
    0.03522026166319847,
    0.03346598893404007,
    0.03329199180006981,
    0.03331689164042473,
    0.034837402403354645,
    0.0340217687189579,
    0.03676465153694153,
    0.036094654351472855,
    0.03386007249355316,
    0.034111544489860535,
    0.03342655673623085,
    0.03289204463362694,
    0.032676633447408676,
    0.03560728579759598,
    0.032301902770996094,
    0.03613186627626419,
    0.03688659891486168,
    0.0321737602353096,
    0.03655447065830231,
    0.036965277045965195,
    0.03331930562853813,
    0.03703685104846954,
    0.03703685104846954
  ],
  "pca_top3_components": [
    [
      -0.03271967172622681,
      0.3007158637046814,
      0.07437869161367416,
      0.2788999676704407,
      0.0034419510047882795,
      0.303204745054245,
      -0.01870301552116871,
      0.29817357659339905,
      0.03275743126869202,
      0.2988646626472473,
      -0.023329351097345352,
      0.27487990260124207,
      -0.2502252757549286,
      0.2964749038219452,
      0.04907873645424843,
      0.26969265937805176,
      -0.006977089215070009,
      0.30520910024642944,
      0.026340236887335777,
      0.2782993018627167,
      -0.05921463668346405,
      -0.15551918745040894,
      -0.01633850671350956,
      -0.03318103402853012,
      0.22641988098621368,
      -0.008900534361600876,
      -0.008900534361600876
    ],
    [
      0.03787088394165039,
      -0.0035658611450344324,
      0.3343459963798523,
      0.030684152618050575,
      0.30179640650749207,
      0.018174614757299423,
      0.3488556742668152,
      -0.044054873287677765,
      0.3599013388156891,
      0.004051289055496454,
      0.1472383290529251,
      0.0489678792655468,
      0.19179072976112366,
      -0.0772368311882019,
      0.3496043384075165,
      -0.08879141509532928,
      0.3459032475948334,
      -0.04283828288316727,
      0.3387811779975891,
      0.06444975733757019,
      -0.1129692941904068,
      0.18104644119739532,
      0.10733000934123993,
      0.009139283560216427,
      0.2160170078277588,
      0.006165138445794582,
      0.006165138445794582
    ],
    [
      -0.004448795225471258,
      0.01910092681646347,
      -0.0013874773867428303,
      -0.01981077343225479,
      0.035482343286275864,
      0.019626036286354065,
      -0.012292563915252686,
      0.024778610095381737,
      -0.012049573473632336,
      0.025653794407844543,
      -0.019623825326561928,
      -0.03910001739859581,
      0.016334597021341324,
      0.026573145762085915,
      -0.0021759839728474617,
      0.03209657594561577,
      0.001710131880827248,
      0.02912115678191185,
      -0.003342290176078677,
      -0.03825591504573822,
      0.0002516257227398455,
      0.059414010494947433,
      -0.06511805206537247,
      -0.005325265694409609,
      -0.0041025662794709206,
      0.7006944417953491,
      0.7006944417953491
    ]
  ],
  "pca_explained_var_ratio": [
    0.3455732762813568,
    0.26056841015815735,
    0.07416483014822006,
    0.06738618016242981,
    0.041557278484106064,
    0.03896540775895119,
    0.03615744039416313,
    0.03148427605628967,
    0.020995650440454483,
    0.01965317502617836
  ],