{
  "dataset": "ida2016",
  "model": "xrfm",
  "task": "binary",
  "n_train": 36000,
  "n_val": 12000,
  "n_test": 12000,
  "d": 170,
  "primary_metric": "auc_roc",
  "test_metrics": {
    "accuracy": 0.9896666666666667,
    "auc_roc": 0.9897656779661016
  },
  "val_primary": 0.9881063559322033,
  "train_time_s": 16.948965787887573,
  "inference_time_s_per_sample": 5.906263987223307e-06,
  "best_hp": {
    "bandwidth": 199.32553932270753,
    "exponent": 1.2692489940542204,
    "kernel": "l2",
    "reg": 0.9528024359637332,
    "diag": true,
    "bandwidth_mode": "constant",
    "iters": 5,
    "M_batch_size": 1000,
    "max_leaf_size": 36000
  },
  "n_trials": 25,
  "extra": {
    "tune_time_s": 1282.1600768566132,
    "model_extra": {}
  },
  "error": null
}