{
  "dataset": "crop_mapping",
  "model": "xrfm",
  "task": "multiclass",
  "n_train": 30000,
  "n_val": 10000,
  "n_test": 10000,
  "d": 174,
  "primary_metric": "accuracy",
  "test_metrics": {
    "accuracy": 0.9945,
    "auc_roc": 0.9998773444969808
  },
  "val_primary": 0.9963,
  "train_time_s": 12.833613634109497,
  "inference_time_s_per_sample": 2.5867223739624025e-06,
  "best_hp": {
    "bandwidth": 4.112951037372676,
    "exponent": 1.181357097093115,
    "kernel": "l2",
    "reg": 5.351995691124168e-06,
    "diag": true,
    "bandwidth_mode": "constant",
    "iters": 5,
    "M_batch_size": 1000,
    "max_leaf_size": 30000
  },
  "n_trials": 25,
  "extra": {
    "tune_time_s": 1050.7240986824036,
    "model_extra": {}
  },
  "error": null
}