{
  "dataset": "ida2016",
  "model": "xgboost",
  "n_subsample": 36000,
  "n_train_actual": 36000,
  "n_test": 12000,
  "train_time_s": 5.1313676834106445,
  "inference_time_s_per_sample": 1.4762679735819499e-06,
  "test_metrics": {
    "accuracy": 0.9934166666666666,
    "auc_roc": 0.988825
  },
  "primary_metric": "auc_roc"
}