{
  "dataset": "appliances_energy",
  "feature_names": [
    "lights",
    "T1",
    "RH_1",
    "T2",
    "RH_2",
    "T3",
    "RH_3",
    "T4",
    "RH_4",
    "T5",
    "RH_5",
    "T6",
    "RH_6",
    "T7",
    "RH_7",
    "T8",
    "RH_8",
    "T9",
    "RH_9",
    "T_out",
    "Press_mm_hg",
    "RH_out",
    "Windspeed",
    "Visibility",
    "Tdewpoint",
    "rv1",
    "rv2"
  ],
  "feature_names_ord": [
    "lights",
    "T1",
    "RH_1",
    "T2",
    "RH_2",
    "T3",
    "RH_3",
    "T4",
    "RH_4",
    "T5",
    "RH_5",
    "T6",
    "RH_6",
    "T7",
    "RH_7",
    "T8",
    "RH_8",
    "T9",
    "RH_9",
    "T_out",
    "Press_mm_hg",
    "RH_out",
    "Windspeed",
    "Visibility",
    "Tdewpoint",
    "rv1",
    "rv2"
  ],
  "agop_diagonals_per_leaf": [
    [
      0.0002688075473997742,
      0.08343441039323807,
      0.5110765695571899,
      0.12790721654891968,
      0.33471250534057617,
      0.14523020386695862,
      0.3179842233657837,
      0.1218663677573204,
      0.4183478057384491,
      0.09036995470523834,
      0.6565653085708618,
      0.8392671942710876,
      1.0,
      0.15366299450397491,
      0.489122599363327,
      0.12751853466033936,
      0.38946035504341125,
      0.07966309785842896,
      0.3891296684741974,
      0.8096466064453125,
      0.45455941557884216,
      0.18267588317394257,
      0.017893407493829727,
      0.022278452292084694,
      0.4893353283405304,
      0.169250950217247,
      0.169250950217247
    ],
    [
      0.001913991291075945,
      0.16322575509548187,
      0.49511367082595825,
      0.39685359597206116,
      0.967540442943573,
      0.2204865962266922,
      0.4923998713493347,
      0.22587399184703827,
      0.7174074053764343,
      0.12503983080387115,
      0.8589888215065002,
      0.8113254904747009,
      0.9283263683319092,
      0.2907612919807434,
      0.7505879402160645,
      0.3570733070373535,
      1.0,
      0.0819040834903717,
      0.5521823167800903,
      0.7930832505226135,
      0.5210994482040405,
      0.1811033934354782,
      0.023175960406661034,
      0.021069591864943504,
      0.6764723658561707,
      0.12151390314102173,
      0.12151390314102173
    ]
  ],
  "agop_top_eigvec_per_leaf": [
    [
      0.0,
      0.0,
      0.0,
      0.0,
      0.0,
      0.0,
      0.0,
      0.0,
      0.0,
      0.0,
      0.0,
      0.0,
      1.0,
      0.0,
      0.0,
      0.0,
      0.0,
      0.0,
      0.0,
      0.0,
      0.0,
      0.0,
      0.0,
      0.0,
      0.0,
      0.0,
      0.0
    ],
    [
      0.0,
      0.0,
      0.0,
      0.0,
      0.0,
      0.0,
      0.0,
      0.0,
      0.0,
      0.0,
      0.0,
      0.0,
      0.0,
      0.0,
      0.0,
      0.0,
      1.0,
      0.0,
      0.0,
      0.0,
      0.0,
      0.0,
      0.0,
      0.0,
      0.0,
      0.0,
      0.0
    ]
  ],
  "agop_diagonal_agg": [
    0.0010913994628936052,
    0.12333008646965027,
    0.5030951499938965,
    0.2623804211616516,
    0.651126503944397,
    0.182858407497406,
    0.4051920473575592,
    0.17387017607688904,
    0.5678775906562805,
    0.10770489275455475,
    0.7577770948410034,
    0.8252963423728943,
    0.9641631841659546,
    0.22221213579177856,
    0.6198552846908569,
    0.24229592084884644,
    0.6947301626205444,
    0.08078359067440033,
    0.47065597772598267,
    0.8013648986816406,
    0.48782944679260254,
    0.1818896383047104,
    0.020534683018922806,
    0.0216740220785141,
    0.5829038619995117,
    0.14538243412971497,
    0.14538243412971497
  ],
  "pca_loadings_abs_agg": [
    0.03659218177199364,
    0.03460206091403961,
    0.03211638331413269,
    0.03520061820745468,
    0.03522026166319847,
    0.03346600383520126,
    0.03329199552536011,
    0.03331689164042473,
    0.03483740985393524,
    0.0340217724442482,
    0.03676464408636093,
    0.036094654351472855,
    0.03386007994413376,
    0.034111544489860535,
    0.03342656046152115,
    0.032892048358917236,
    0.03267662972211838,
    0.03560728579759598,
    0.032301902770996094,
    0.03613186627626419,
    0.036886606365442276,
    0.0321737602353096,
    0.0365544855594635,
    0.03696524351835251,
    0.03331931680440903,
    0.03703684359788895,
    0.03703684359788895
  ],
  "pca_top3_components": [
    [
      -0.03271966800093651,
      0.300715833902359,
      0.07437869161367416,
      0.2788999676704407,
      0.003441955428570509,
      0.3032047748565674,
      -0.01870301552116871,
      0.29817354679107666,
      0.032757434993982315,
      0.2988646626472473,
      -0.023329345509409904,
      0.27487990260124207,
      -0.250225305557251,
      0.2964749038219452,
      0.04907873645424843,
      0.26969265937805176,
      -0.006977088749408722,
      0.30520910024642944,
      0.026340242475271225,
      0.2782993018627167,
      -0.05921464040875435,
      -0.15551915764808655,
      -0.01633850671350956,
      -0.033181026577949524,
      0.22641989588737488,
      -0.00890053529292345,
      -0.00890053529292345
    ],
    [
      0.037870872765779495,
      -0.003565859980881214,
      0.3343460261821747,
      0.030684148892760277,
      0.30179640650749207,
      0.018174609169363976,
      0.3488556742668152,
      -0.04405488073825836,
      0.3599013388156891,
      0.004051286727190018,
      0.1472383290529251,
      0.0489678792655468,
      0.19179072976112366,
      -0.0772368386387825,
      0.3496043086051941,
      -0.08879142254590988,
      0.345903217792511,
      -0.04283828288316727,
      0.3387811779975891,
      0.064449742436409,
      -0.1129692941904068,
      0.18104644119739532,
      0.10733001679182053,
      0.009139281697571278,
      0.2160170078277588,
      0.006165137980133295,
      0.006165137980133295
    ],
    [
      -0.004448798485100269,
      0.01910093054175377,
      -0.001387488329783082,
      -0.019810784608125687,
      0.035482361912727356,
      0.019626058638095856,
      -0.012292572297155857,
      0.024778610095381737,
      -0.012049579061567783,
      0.025653814896941185,
      -0.01962381973862648,
      -0.039100028574466705,
      0.01633460633456707,
      0.026573142036795616,
      -0.0021759774535894394,
      0.03209659084677696,
      0.001710140029899776,
      0.02912115305662155,
      -0.003342291107401252,
      -0.03825593367218971,
      0.00025162906968034804,
      0.059414032846689224,
      -0.06511810421943665,
      -0.005325262434780598,
      -0.0041025602258741856,
      0.7006943821907043,
      0.7006943821907043
    ]
  ],
  "pca_explained_var_ratio": [
    0.3455733060836792,
    0.26056843996047974,
    0.07416483014822006,
    0.0673861876130104,
    0.04155724495649338,
    0.03896540403366089,
    0.03615742549300194,
    0.03148425370454788,
    0.020995650440454483,
    0.01965317688882351
  ],
  "mutual_info": [
    0.05044363617568237,
    0.09893706170859407,
    0.08861435114102534,
    0.08715583647257663,
    0.06297945857127285,
    0.10218732621029414,
    0.06401832948042152,
    0.10970217051440212,
    0.07442520448881229,
    0.10294853440206442,
    0.07066177209402547,
    0.07865202789229997,
    0.0945638027555864,
    0.11228296883661759,
    0.05671109608907532,
    0.10207379224945079,
    0.07628905893303539,
    0.11857714342227244,
    0.06637477471376219,
    0.07558601317677383,
    0.07460314143481472,
    0.05746346133496427,
    0.017502158509955734,
    0.023369156539446045,
    0.034917215041634364,
    0.0,
    0.0
  ],