{
  "dataset": "appliances_energy",
  "model": "xgboost",
  "task": "regression",
  "n_train": 11841,
  "n_val": 3947,
  "n_test": 3947,
  "d": 27,
  "primary_metric": "rmse",
  "test_metrics": {
    "rmse": 65.7483536118588,
    "r2": 0.5680217195949263
  },
  "val_primary": 67.43539272457234,
  "train_time_s": 41.650089740753174,
  "inference_time_s_per_sample": 9.48491566447569e-05,
  "best_hp": {
    "n_estimators": 2000,
    "max_depth": 12,
    "learning_rate": 0.04200891212415251,
    "subsample": 0.9847685553939329,
    "colsample_bytree": 0.5089809378074098,
    "reg_alpha": 0.0073586637240111085,
    "reg_lambda": 1.475649304728371,
    "min_child_weight": 2,
    "early_stopping_rounds": 50
  },
  "n_trials": 40,
  "extra": {
    "tune_time_s": 947.3942687511444,
    "model_extra": {}
  },
  "error": null
}