{
  "dataset": "hcc_survival",
  "model": "xgboost",
  "task": "binary",
  "n_train": 99,
  "n_val": 33,
  "n_test": 33,
  "d": 49,
  "primary_metric": "auc_roc",
  "test_metrics": {
    "accuracy": 0.8181818181818182,
    "auc_roc": 0.8346153846153846
  },
  "val_primary": 0.9153846153846154,
  "train_time_s": 0.023318767547607422,
  "inference_time_s_per_sample": 1.8726695667613637e-05,
  "best_hp": {
    "n_estimators": 2000,
    "max_depth": 5,
    "learning_rate": 0.25343718080757244,
    "subsample": 0.8345928784191762,
    "colsample_bytree": 0.7823011734157626,
    "reg_alpha": 0.0264049026558579,
    "reg_lambda": 0.1436927167072069,
    "min_child_weight": 2,
    "early_stopping_rounds": 50
  },
  "n_trials": 40,
  "extra": {
    "tune_time_s": 3.4710490703582764,
    "model_extra": {}
  },
  "error": null
}