{
  "dataset": "ida2016",
  "model": "xrfm",
  "n_subsample": 5000,
  "n_train_actual": 5000,
  "n_test": 12000,
  "train_time_s": 0.3178822994232178,
  "inference_time_s_per_sample": 6.041725476582845e-07,
  "test_metrics": {
    "accuracy": 0.9884166666666667,
    "auc_roc": 0.6844491525423729
  },
  "primary_metric": "auc_roc"
}