{
  "dataset": "ida2016",
  "model": "xrfm",
  "n_subsample": 1000,
  "n_train_actual": 1000,
  "n_test": 12000,
  "train_time_s": 0.9839305877685547,
  "inference_time_s_per_sample": 6.059130032857259e-06,
  "test_metrics": {
    "accuracy": 0.98425,
    "auc_roc": 0.5447033898305085
  },
  "primary_metric": "auc_roc"
}