{
  "dataset": "ida2016",
  "model": "random_forest",
  "n_subsample": 20000,
  "n_train_actual": 20000,
  "n_test": 12000,
  "train_time_s": 4.170799016952515,
  "inference_time_s_per_sample": 1.1640230814615886e-05,
  "test_metrics": {
    "accuracy": 0.9923333333333333,
    "auc_roc": 0.9874434322033897
  },
  "primary_metric": "auc_roc"
}